Strategie,Netzwerkeffekte,Standardabweichung,Cluster-Effekt
Nachhaltigkeit & Lokalität,9436.269999999999,86.69570353316851,33.0
Monetarisierung,9435.939999999999,86.69570353316918,31.900000000000002
Sichtbarkeit & Nutzergewinnung,9434.0128,86.69570353316954,25.476000000000003
Community & Nutzerbindung,9433.63,86.69570353316851,24.200000000000003
