Strategie,Netzwerkeffekte_mean,Netzwerkeffekte_std,Netzwerkeffekte_min,Netzwerkeffekte_max,Kategorie_first,Cluster-Effekt_first
Nachhaltigkeit & Lokalität,9351.109722222222,99.89560521801123,9222.37111111111,9436.27,Cluster,33.0
Monetarisierung,9350.779722222222,99.89560521801026,9222.04111111111,9435.94,Cluster,31.9
Sichtbarkeit & Nutzergewinnung,9348.852522222222,99.89560521801018,9220.11391111111,9434.0128,Cluster,25.476000000000003
Community & Nutzerbindung,9348.469722222222,99.89560521800944,9219.731111111112,9433.63,Cluster,24.200000000000003
