Strategie,Netzwerkeffekte,Standardabweichung,Cluster-Effekt
Nachhaltigkeit & Lokalität,9222.37111111111,158.9385866488244,33.0
Monetarisierung,9222.04111111111,158.93858664882524,31.900000000000002
Sichtbarkeit & Nutzergewinnung,9220.11391111111,158.93858664882427,25.476000000000003
Community & Nutzerbindung,9219.731111111112,158.93858664882524,24.200000000000003
