Strategie,Netzwerkeffekte,Standardabweichung,Cluster-Effekt
Nachhaltigkeit & Lokalität,9420.132666666666,188.39223343569375,33.0
Monetarisierung,9419.802666666666,188.39223343569304,31.900000000000002
Sichtbarkeit & Nutzergewinnung,9417.875466666665,188.3922334356937,25.476000000000003
Community & Nutzerbindung,9417.492666666667,188.3922334356935,24.200000000000003
