Strategie,Netzwerkeffekte,Standardabweichung,Cluster-Effekt
Nachhaltigkeit & Lokalität,9322.095555555554,208.36317323188214,33.0
Monetarisierung,9321.765555555556,208.363173231882,31.900000000000002
Sichtbarkeit & Nutzergewinnung,9319.838355555554,208.36317323188214,25.476000000000003
Community & Nutzerbindung,9319.455555555554,208.36317323188132,24.200000000000003
